CTAGG	31136
GCATT	26336
AATTT	23012
CGATA	19501
TCGAG	18375
ACCAT	18352
GAAGC	18226
TGGTT	14508
CGGCG	14409
CTGAA	11871
GAGAT	11536
TGACC	10931
ACTGC	10659
TCAGA	7900
CTAGT	286
CTAGA	207
CTAGC	203
TGACT	190
CTGAT	180
CTGAC	146
AGATC	129
CTAAG	118
CTAAA	114
CTGAG	104
GAAGT	99
CGATT	93
TGTTT	91
GAGTT	90
TCGAT	88
GGTTT	86
AATTC	81
GAGCT	80
TGGTC	79
CGTAT	78
CTGGT	76
CTAAT	75
AGGTG	74
TGACA	73
ACATT	72
GCATC	71
CTGGG	70
CGGCA	69
CATTT	66
ACTGT	65
CTGTG	64
CTGCA	63
CTGTA	60
GCTTT	58
TGGTG	57
GAACT	56
CGAGT	55
TGGTA	54
ACTGA	53
CCAGG	52
AATTG	51
TGGAG	50
TCGAC	49
TAGAT	48
ACCAG	47
GGCGT	46
TGATT	45
GAGAC	44
GAACC	43
AATAT	42
CGGGT	41
TCAAG	39
GAAAT	38
TCGAA	37
CGCGT	36
CGAGA	35
GAGAG	34
TCGGT	33
GCATG	32
TAACC	31
CGGCC	30
CCCCC	29
GTATT	28
CGACG	27
CTCAG	26
TTGAA	25
GTGTG	24
CTAAC	23
CAAAT	22
CGGTT	21
GAACA	20
TCTGA	19
AGATA	18
CNAGG	17
GNATT	16
ANTTT	15
GTGTT	14
CGAGG	13
CTGCC	12
TTAAA	11
ANCAT	10
CNGCG	9
TNACC	8
CNATA	7
CNGAA	6
ANTGC	5
TNAGA	4
TNGTT	3
AGTCC	2
AGACG	1
